player_id,display_name,player_name,team,minutes,matches,main_position,positions,passes_completed_per90,pass_accuracy_per90,progressive_passes_per90,long_passes_completed_per90,key_passes_per90,xa_per90,passes_final_third_per90,dribbles_completed_per90,pressures_per90,tackles_interceptions_per90,ball_recoveries_per90,aerial_duels_won_per90,passes_completed_pctl,pass_accuracy_pctl,progressive_passes_pctl,long_passes_completed_pctl,key_passes_pctl,xa_pctl,passes_final_third_pctl,dribbles_completed_pctl,pressures_pctl,tackles_interceptions_pctl,ball_recoveries_pctl,aerial_duels_won_pctl
5234,Sofyan Amrabat,Sofyan Amrabat,Morocco,725.33,7,Central midfield,Center Defensive Midfield 592; Right Defensive Midfield 92; Left Center Back 29; Left Defensive Midfield 12,33.998,84.83,5.211,6.08,0.248,0.009,1.985,0.0,15.262,2.482,4.839,0.496,26.7,50.9,21.6,64.7,16.4,18.1,16.4,9.5,73.3,88.8,78.4,21.6
5463,Luka Modrić,Luka Modrić,Croatia,704.94,7,Central midfield,Right Center Midfield 547; Right Defensive Midfield 129; Left Defensive Midfield 29,59.111,84.335,13.661,7.788,0.766,0.08,7.533,0.638,14.682,2.809,4.724,0.638,85.3,42.2,95.7,78.4,57.8,69.8,95.7,64.7,66.4,97.4,69.8,31.9
10481,Aurélien Tchouaméni,Aurélien Djani Tchouaméni,France,700.852,7,Central midfield,Right Defensive Midfield 589; Center Defensive Midfield 107; Right Center Midfield 5,55.347,91.702,8.475,5.779,0.77,0.095,5.522,0.257,8.219,1.669,4.623,1.156,76.7,92.2,69.8,62.9,59.5,73.3,78.4,30.2,7.8,49.1,66.4,52.6
5456,Mateo Kovačić,Mateo Kovačić,Croatia,682.166,7,Central midfield,Left Center Midfield 539; Left Defensive Midfield 143,54.884,91.228,9.367,4.618,1.187,0.168,6.333,1.319,17.943,2.639,3.694,0.792,75.0,85.3,78.4,45.7,83.6,92.2,87.1,90.5,90.5,94.0,35.3,35.3
7797,Rodrigo De Paul,Rodrigo Javier De Paul,Argentina,678.111,7,Central midfield,Right Center Midfield 384; Right Defensive Midfield 228; Right Midfield 66,63.043,84.369,9.291,6.902,0.929,0.033,4.778,0.398,14.732,1.858,4.513,0.265,92.2,44.0,76.7,71.6,68.1,49.1,61.2,44.0,68.1,56.0,59.5,11.2
38718,Enzo Fernandez,Enzo Fernandez,Argentina,646.572,7,Central midfield,Center Defensive Midfield 447; Left Defensive Midfield 150; Right Center Midfield 31; Left Center Midfield 19,57.905,88.511,8.909,8.909,0.835,0.099,6.125,0.418,14.894,2.366,3.48,1.114,83.6,71.6,71.6,85.3,61.2,75.0,83.6,45.7,69.8,81.9,28.4,49.1
46258,Azzedine Ounahi,Azzedine Ounahi,Morocco,614.245,7,Central midfield,Right Center Midfield 393; Left Center Midfield 126; Left Defensive Midfield 55; Center Defensive Midfield 29; Left Wing 12,32.381,82.772,5.128,3.81,0.879,0.046,2.93,1.465,13.333,2.198,4.542,0.293,23.3,33.6,19.8,31.9,66.4,57.8,33.6,94.0,52.6,71.6,62.9,12.9
5487,Antoine Griezmann,Antoine Griezmann,France,613.226,7,Central midfield,Center Attacking Midfield 581; Right Center Midfield 32,37.425,78.947,6.751,8.072,2.935,0.373,3.669,0.44,18.346,2.201,3.669,1.321,38.8,14.7,44.0,80.2,99.1,99.1,42.2,49.1,94.0,73.3,33.6,66.4
27886,Alexis MacAllister,Alexis Mac Allister,Argentina,603.283,6,Central midfield,Left Center Midfield 414; Left Midfield 166; Left Wing 23,36.102,89.299,5.221,2.834,1.193,0.111,1.939,0.746,10.443,1.492,4.028,0.895,31.9,78.4,23.3,14.7,85.3,83.6,12.9,68.1,19.8,37.1,45.7,38.8
5469,Marcelo Brozović,Marcelo Brozović,Croatia,602.147,6,Central midfield,Center Defensive Midfield 582; Right Defensive Midfield 16; Left Midfield 4,70.548,89.225,10.164,10.761,0.747,0.016,5.68,0.747,14.349,1.943,4.783,1.495,95.7,75.0,85.3,90.5,54.3,31.9,80.2,71.6,64.7,61.2,73.3,76.7
3026,Adrien Rabiot,Adrien Rabiot,France,561.732,6,Central midfield,Left Defensive Midfield 546; Left Center Midfield 11; Center Defensive Midfield 5,39.414,86.316,6.249,3.845,0.32,0.128,4.166,0.16,13.458,2.403,3.365,2.724,45.7,62.9,33.6,33.6,28.4,88.8,50.9,19.8,56.0,83.6,23.3,97.4
8118,Frenkie de Jong,Frenkie de Jong,Netherlands,529.738,5,Central midfield,Left Defensive Midfield 530,55.556,90.083,9.004,5.607,0.68,0.068,5.267,1.189,13.592,1.529,3.398,2.039,78.4,81.9,73.3,57.8,47.4,64.7,68.1,87.1,59.5,40.5,25.0,87.1
3943,Declan Rice,Declan Rice,England,478.169,5,Central midfield,Center Defensive Midfield 251; Left Defensive Midfield 224; Right Center Back 3,57.595,93.578,8.282,8.846,0.188,0.004,4.329,0.0,7.152,1.882,3.576,0.941,80.2,97.4,68.1,83.6,11.2,11.2,56.0,9.5,2.6,57.8,31.9,40.5
30714,Jude Bellingham,Jude Bellingham,England,470.393,5,Central midfield,Left Center Midfield 280; Right Defensive Midfield 187; Center Defensive Midfield 3,46.302,88.0,8.227,4.783,0.765,0.046,4.209,0.765,13.393,1.531,5.74,1.722,61.2,66.4,64.7,47.4,56.0,59.5,52.6,73.3,54.3,42.2,87.1,81.9
23774,Selim Amallah,Selim Amallah,Morocco,436.681,7,Central midfield,Left Center Midfield 306; Right Center Midfield 112; Left Defensive Midfield 9; Left Wing 9,14.427,79.545,1.443,1.237,0.618,0.016,1.031,1.031,21.434,2.679,2.885,0.206,0.9,18.1,0.9,2.6,44.0,33.6,2.6,81.9,99.1,95.7,14.7,7.8
5539,Casemiro,Carlos Henrique Casimiro,Brazil,424.29,4,Central midfield,Left Defensive Midfield 400; Center Defensive Midfield 24,46.03,84.109,8.273,4.454,0.848,0.045,4.879,0.424,11.454,2.545,3.182,1.485,59.5,40.5,66.4,40.5,62.9,56.0,66.4,47.4,26.7,90.5,19.8,75.0
12751,Tyler Adams,Tyler Adams,United States,405.331,4,Central midfield,Center Defensive Midfield 261; Right Defensive Midfield 144,54.622,91.45,7.993,7.549,0.444,0.078,5.329,0.444,17.985,2.442,5.995,1.332,73.3,88.8,61.2,75.0,31.9,68.1,71.6,50.9,92.2,87.1,88.8,68.1
3281,Aaron Mooy,Aaron Mooy,Australia,402.285,4,Central midfield,Left Defensive Midfield 201; Center Defensive Midfield 103; Right Defensive Midfield 98,38.256,78.082,6.488,5.369,0.224,0.009,4.251,0.447,9.844,1.79,6.488,1.119,42.2,9.5,38.8,50.9,12.9,19.8,54.3,52.6,14.7,50.9,97.4,50.9
3500,Granit Xhaka,Granit Xhaka,Switzerland,397.496,4,Central midfield,Left Defensive Midfield 331; Center Defensive Midfield 62; Right Defensive Midfield 4,47.774,87.917,9.057,7.698,0.453,0.021,5.434,0.226,6.793,2.038,2.038,1.585,66.4,64.7,75.0,76.7,33.6,38.8,75.0,21.6,0.9,66.4,2.6,80.2
5203,Sergio Busquets,Sergio Busquets i Burgos,Spain,395.906,4,Central midfield,Center Defensive Midfield 396,60.242,91.379,10.457,5.683,0.682,0.032,5.456,0.455,9.093,2.046,2.728,2.273,90.5,87.1,88.8,59.5,49.1,47.4,76.7,54.3,11.2,68.1,11.2,88.8
3193,Bernardo Silva,Bernardo Mota Veiga de Carvalho e Silva,Portugal,393.638,5,Central midfield,Right Center Midfield 276; Left Defensive Midfield 57; Left Center Midfield 43; Center Attacking Midfield 17,59.217,88.699,6.63,6.859,1.143,0.053,4.801,0.229,13.032,1.143,4.801,0.229,87.1,73.3,40.5,69.8,76.7,62.9,62.9,23.3,50.9,12.9,76.7,9.5
5490,Jackson Irvine,Jackson Irvine,Australia,389.116,4,Central midfield,Right Defensive Midfield 141; Right Center Midfield 80; Left Defensive Midfield 71; Left Center Forward 47; Center Attacking Midfield 40; Left Center Midfield 10,24.748,82.946,4.163,0.925,0.231,0.009,1.156,0.0,15.728,1.156,2.082,2.776,7.8,35.3,12.9,0.9,14.7,16.4,4.3,9.5,76.7,14.7,4.3,99.1
30486,Pedri,Pedro González López,Spain,389.025,4,Central midfield,Left Center Midfield 358; Right Center Midfield 31,91.382,92.723,20.821,13.65,1.157,0.099,14.575,1.157,12.493,1.851,6.015,0.694,99.1,95.7,99.1,95.7,78.4,78.4,99.1,85.3,42.2,54.3,90.5,33.6
38792,Yunus Dimoara Musah,Yunus Dimoara Musah,United States,379.007,4,Central midfield,Left Center Midfield 129; Right Center Midfield 106; Left Defensive Midfield 96; Right Midfield 31; Right Wing 17,36.569,85.083,7.599,3.087,0.712,0.026,2.85,0.712,17.335,1.9,4.274,0.95,33.6,54.3,54.3,25.0,50.9,42.2,28.4,66.4,87.1,59.5,54.3,42.2
23763,Hwang In-Beom,In-Beom Hwang,South Korea,371.985,4,Central midfield,Left Defensive Midfield 155; Right Center Midfield 103; Right Defensive Midfield 92; Center Attacking Midfield 22,48.147,80.567,10.404,7.258,0.726,0.015,6.533,0.242,12.339,1.21,6.291,0.968,68.1,21.6,87.1,73.3,52.6,28.4,88.8,25.0,40.5,23.3,95.7,44.0
3637,Grzegorz Krychowiak,Grzegorz Krychowiak,Poland,365.141,4,Central midfield,Left Defensive Midfield 200; Center Defensive Midfield 113; Right Defensive Midfield 52,23.909,76.378,3.697,1.972,0.493,0.009,2.465,0.246,12.078,2.218,4.19,1.479,4.3,6.0,7.8,6.0,35.3,21.6,25.0,26.7,38.8,75.0,50.9,71.6
5660,Piotr Zieliński,Piotr Zieliński,Poland,361.668,4,Central midfield,Right Center Midfield 113; Center Attacking Midfield 89; Right Midfield 73; Right Center Forward 38; Right Defensive Midfield 35; Left Defensive Midfield 13,30.857,81.579,6.221,3.733,1.742,0.107,3.484,0.747,11.696,1.493,3.733,0.498,16.4,28.4,31.9,28.4,92.2,80.2,38.8,69.8,31.9,38.8,37.1,23.3
6983,Remo Freuler,Remo Freuler,Switzerland,356.953,4,Central midfield,Right Defensive Midfield 267; Left Center Midfield 58; Center Attacking Midfield 32,31.769,84.564,4.034,2.269,0.0,0.0,3.026,0.252,15.128,2.017,3.026,1.261,19.8,49.1,11.2,9.5,5.2,5.2,35.3,28.4,71.6,62.9,16.4,61.2
23721,Wataru Endo,Wataru Endo,Japan,341.672,4,Central midfield,Right Defensive Midfield 342,40.302,81.818,6.849,3.161,1.054,0.086,3.951,0.263,18.439,1.58,6.058,2.371,49.1,31.9,45.7,26.7,75.0,71.6,45.7,31.9,95.7,45.7,92.2,90.5
22600,Lucas Paquetá,Lucas Tolentino Coelho de Lima,Brazil,333.968,4,Central midfield,Right Defensive Midfield 288; Left Center Midfield 24; Center Attacking Midfield 22,46.352,85.149,7.276,5.12,1.617,0.266,4.042,0.269,15.9,1.617,2.425,1.078,62.9,56.0,49.1,49.1,90.5,95.7,49.1,33.6,78.4,47.4,6.0,47.4
5618,Jung Woo-Young,Woo-Young Jung,South Korea,331.228,4,Central midfield,Right Defensive Midfield 133; Left Defensive Midfield 99; Center Defensive Midfield 83; Right Center Back 12; Center Back 4,48.637,86.058,10.054,11.14,0.543,0.03,7.336,0.0,12.771,1.359,4.076,2.445,69.8,61.2,83.6,94.0,37.1,44.0,94.0,9.5,45.7,33.6,49.1,92.2
5713,Mohammed Kanoo,Mohammed Kanoo,Saudi Arabia,320.981,3,Central midfield,Right Defensive Midfield 169; Left Defensive Midfield 52; Left Center Forward 52; Left Center Midfield 48,33.086,81.379,6.449,4.486,0.0,0.0,1.963,1.402,10.094,0.561,4.486,2.524,25.0,26.7,37.1,42.2,5.2,5.2,14.7,92.2,16.4,6.0,56.0,94.0
6383,Thomas Partey,Thomas Teye Partey,Ghana,316.387,3,Central midfield,Right Defensive Midfield 222; Right Center Midfield 94,43.523,84.53,7.68,5.689,0.569,0.015,5.689,1.138,11.378,2.276,3.414,2.56,56.0,47.4,56.0,61.2,38.8,30.2,81.9,83.6,23.3,78.4,26.7,95.7
6773,Federico Valverde,Federico Santiago Valverde Dipetta,Uruguay,310.231,3,Central midfield,Right Defensive Midfield 160; Right Center Midfield 130; Left Midfield 20,44.096,81.72,10.734,8.413,1.16,0.111,7.253,0.58,11.604,2.031,4.061,1.451,57.8,30.2,90.5,81.9,80.2,81.9,92.2,56.0,30.2,64.7,47.4,69.8
37221,Hidemasa Morita,Hidemasa Morita,Japan,309.26,3,Central midfield,Left Defensive Midfield 309,37.25,79.503,7.275,3.783,0.873,0.046,3.201,0.0,16.297,0.291,5.529,2.037,37.1,16.4,47.4,30.2,64.7,61.2,37.1,9.5,80.2,2.6,85.3,85.3
3436,Idrissa Gueye,Idrissa Gana Gueye,Senegal,308.918,3,Central midfield,Center Attacking Midfield 169; Left Defensive Midfield 71; Left Center Midfield 67; Right Wing 2,30.882,80.916,4.661,2.913,0.291,0.043,3.496,0.291,19.52,1.165,5.244,0.583,18.1,25.0,18.1,18.1,18.1,54.3,40.5,35.3,97.4,16.4,81.9,25.0
3767,Ellyes Joris Skhiri,Ellyes Joris Skhiri,Tunisia,308.6,3,Central midfield,Right Defensive Midfield 257; Left Defensive Midfield 29; Center Defensive Midfield 22,31.789,85.156,6.708,4.083,0.583,0.018,2.333,0.583,15.457,2.916,6.124,0.583,21.6,57.8,42.2,37.1,40.5,35.3,21.6,57.8,75.0,99.1,94.0,26.7
4506,Nampalys Mendy,Nampalys Mendy,Senegal,307.35,4,Central midfield,Left Defensive Midfield 166; Right Defensive Midfield 94; Center Defensive Midfield 35; Right Center Midfield 13,42.46,89.506,7.321,9.078,0.293,0.009,2.635,0.586,11.42,0.878,4.978,0.0,52.6,80.2,50.9,87.1,19.8,23.3,26.7,59.5,25.0,9.5,80.2,3.4
28825,Luis Chávez,Luis Gerardo Chávez Magallón,Mexico,305.243,3,Central midfield,Left Defensive Midfield 104; Left Center Midfield 99; Right Center Midfield 71; Center Attacking Midfield 31,30.664,72.222,7.371,6.192,1.179,0.12,3.833,0.885,11.794,1.179,3.833,1.769,14.7,2.6,52.6,66.4,81.9,87.1,44.0,75.0,35.3,18.1,38.8,83.6
5579,Joshua Kimmich,Joshua Kimmich,Germany,303.427,3,Central midfield,Right Defensive Midfield 211; Right Back 46; Center Defensive Midfield 34; Left Defensive Midfield 12,67.924,84.502,14.237,15.127,2.373,0.27,7.119,0.297,10.381,1.483,4.746,1.483,94.0,45.7,97.4,97.4,94.0,97.4,90.5,37.1,18.1,35.3,71.6,73.3
133353,Gavi,Pablo Martín Páez Gavira,Spain,303.192,4,Central midfield,Right Center Midfield 275; Left Center Midfield 28,40.074,88.235,5.64,2.968,0.594,0.073,1.484,0.594,16.92,1.187,3.859,0.891,47.4,68.1,26.7,19.8,42.2,66.4,7.8,61.2,85.3,19.8,40.5,37.1
3043,Christian Eriksen,Christian Dannemann Eriksen,Denmark,300.615,3,Central midfield,Left Center Midfield 139; Left Defensive Midfield 114; Center Attacking Midfield 31; Right Defensive Midfield 16,57.782,83.55,9.58,11.077,2.694,0.193,5.389,0.599,9.58,1.198,4.79,0.599,81.9,38.8,81.9,92.2,95.7,94.0,73.3,62.9,12.9,21.6,75.0,28.4
3570,Pierre-Emile Højbjerg,Pierre-Emile Højbjerg,Denmark,300.615,3,Central midfield,Right Defensive Midfield 146; Center Defensive Midfield 71; Right Center Midfield 68; Left Defensive Midfield 16,59.877,89.286,12.874,10.479,0.299,0.014,6.287,0.299,8.383,2.096,5.389,0.0,88.8,76.7,94.0,88.8,21.6,25.0,85.3,38.8,9.5,69.8,83.6,3.4
37726,Moisés Caicedo,Moisés Isaac Caicedo Corozo,Ecuador,297.652,3,Central midfield,Left Defensive Midfield 247; Left Center Midfield 51,38.703,83.117,5.443,1.512,0.0,0.0,1.814,0.302,13.002,2.419,4.535,1.209,44.0,37.1,25.0,4.3,5.2,5.2,9.5,40.5,47.4,85.3,61.2,54.3
5642,Axel Witsel,Axel Witsel,Belgium,297.044,3,Central midfield,Left Defensive Midfield 283; Left Center Back 14,51.205,96.023,3.939,4.242,0.303,0.018,2.424,0.0,13.028,1.818,2.727,1.212,71.6,99.1,9.5,38.8,23.3,37.1,23.3,9.5,49.1,52.6,9.5,56.0
4320,Neymar,Neymar da Silva Santos Junior,Brazil,295.611,3,Central midfield,Center Attacking Midfield 296,37.448,78.846,8.22,2.131,1.218,0.112,4.871,3.045,7.307,0.0,3.958,0.304,40.5,12.9,62.9,7.8,87.1,85.3,64.7,97.4,4.3,0.9,42.2,14.7
3517,Aaron Ramsey,Aaron Ramsey,Wales,294.874,3,Central midfield,Right Center Midfield 148; Center Attacking Midfield 99; Left Defensive Midfield 26; Right Defensive Midfield 22,26.248,78.182,3.052,5.494,0.305,0.007,1.831,0.916,16.482,1.221,3.968,0.305,9.5,11.2,4.3,54.3,25.0,12.9,11.2,76.7,81.9,25.0,44.0,16.4
5839,Yeltsin Tejeda,Yeltsin Ignacio Tejeda Valverde,Costa Rica,293.796,3,Central midfield,Left Defensive Midfield 217; Left Center Midfield 70; Right Defensive Midfield 7,24.2,80.612,3.063,3.063,0.306,0.037,1.225,0.0,11.947,1.225,2.757,1.225,6.0,23.3,6.0,23.3,26.7,52.6,6.0,9.5,37.1,26.7,12.9,57.8
3532,Jordan Henderson,Jordan Brian Henderson,England,293.348,4,Central midfield,Right Center Midfield 267; Right Defensive Midfield 26,43.259,84.94,6.136,3.988,1.227,0.099,2.148,0.0,10.738,1.227,1.841,0.614,54.3,52.6,30.2,35.3,88.8,76.7,18.1,9.5,21.6,28.4,0.9,30.2
3141,André Zambo Anguissa,André-Frank Zambo Anguissa,Cameroon,290.925,3,Central midfield,Right Center Midfield 161; Left Defensive Midfield 125; Left Center Midfield 4,35.576,85.821,7.734,2.784,0.0,0.0,4.022,0.928,17.633,1.547,3.094,1.237,30.2,59.5,57.8,12.9,5.2,5.2,47.4,78.4,88.8,44.0,18.1,59.5
8526,Weston McKennie,Weston McKennie,United States,287.676,4,Central midfield,Right Center Midfield 119; Right Midfield 78; Left Center Midfield 77; Left Defensive Midfield 13,36.604,80.137,9.386,6.257,0.939,0.031,4.693,0.313,12.514,0.626,4.693,1.564,35.3,19.8,80.2,68.1,69.8,45.7,59.5,42.2,44.0,7.8,68.1,78.4
9927,Rúben Neves,Rúben Diogo Da Silva Neves,Portugal,283.906,5,Central midfield,Center Defensive Midfield 281; Right Center Midfield 2,75.447,91.892,11.729,15.85,0.951,0.008,7.608,0.0,11.729,0.951,3.487,1.268,97.4,94.0,92.2,99.1,71.6,14.7,97.4,9.5,33.6,11.2,30.2,62.9
3831,Dušan Tadić,Dušan Tadić,Serbia,282.403,3,Central midfield,Right Attacking Midfield 154; Center Attacking Midfield 97; Right Center Forward 32,28.045,70.4,5.736,2.868,2.868,0.161,2.231,1.275,11.473,1.275,2.55,0.0,11.2,0.9,28.4,16.4,97.4,90.5,19.8,88.8,28.4,30.2,7.8,3.4
31029,Salis Abdul Samed,Salis Abdul Samed,Ghana,280.141,3,Central midfield,Left Defensive Midfield 186; Center Defensive Midfield 94,41.765,91.549,4.176,4.498,0.321,0.015,2.891,1.606,14.136,2.57,4.498,0.0,50.9,90.5,14.7,44.0,30.2,26.7,30.2,95.7,61.2,92.2,57.8,3.4
4934,Ethan Ampadu,Ethan Ampadu,Wales,278.789,3,Central midfield,Center Defensive Midfield 148; Left Defensive Midfield 80; Right Back 35; Right Defensive Midfield 16,35.511,76.389,7.748,5.488,0.646,0.021,4.52,0.968,7.425,2.26,4.197,0.968,28.4,7.8,59.5,52.6,45.7,40.5,57.8,80.2,6.0,76.7,52.6,45.7
16026,Djibril Sow,Djibril Sow,Switzerland,278.322,4,Central midfield,Center Attacking Midfield 220; Right Center Midfield 58,28.456,90.722,4.204,2.587,0.97,0.036,2.91,0.0,13.581,0.323,3.234,0.323,12.9,83.6,16.4,11.2,73.3,50.9,31.9,9.5,57.8,4.3,21.6,18.1
6687,Saša Lukić,Saša Lukić,Serbia,273.116,3,Central midfield,Right Defensive Midfield 166; Left Defensive Midfield 90; Left Center Midfield 18,47.123,88.272,6.261,5.602,0.0,0.0,5.272,0.0,14.17,1.318,4.613,1.318,64.7,69.8,35.3,56.0,5.2,5.2,69.8,9.5,62.9,31.9,64.7,64.7
17033,Mohammed Kudus,Mohammed Kudus,Ghana,270.144,3,Central midfield,Right Wing 108; Left Center Midfield 78; Center Attacking Midfield 52; Center Forward 33,20.323,74.39,2.665,2.998,0.0,0.0,0.666,3.665,16.658,2.332,7.996,0.333,2.6,4.3,2.6,21.6,5.2,5.2,0.9,99.1,83.6,80.2,99.1,19.8
